,variable,recs
0,sex_f31,502493
1,year_of_birth_f34,502493
2,blood_pressure_device_id_f36,497851
3,blood_pressure_manual_sphygmomanometer_device_id_f37,9846
4,hand_grip_strength_left_f46,499083
5,hand_grip_strength_right_f47,499150
6,month_of_birth_f52,502493
7,date_of_attending_assessment_centre_f53,502493
8,uk_biobank_assessment_centre_f54,502493
9,cancer_yearage_first_occurred_f84,41697
10,noncancer_illness_yearage_first_occurred_f87,375027
11,operation_yearage_first_occurred_f92,391264
12,systolic_blood_pressure_manual_reading_f93,33104
13,diastolic_blood_pressure_manual_reading_f94,33104
14,pulse_rate_during_bloodpressure_measurement_f95,33104
15,time_since_interview_start_at_which_blood_pressure_screens_shown_f96,501631
16,pulse_rate_automated_reading_f102,468065
17,birth_weight_known_f120,501631
18,place_of_birth_in_uk_north_coordinate_f129,452239
19,place_of_birth_in_uk_east_coordinate_f130,452239
20,number_of_selfreported_cancers_f134,501631
21,number_of_selfreported_noncancer_illnesses_f135,501631
22,number_of_operations_selfreported_f136,501631
23,number_of_treatmentsmedications_taken_f137,501631
24,date_lost_to_followup_f191,1298
25,index_for_card_a_in_round_f401,495672
26,index_for_card_b_in_round_f402,495672
27,number_of_times_snapbutton_pressed_f403,495672
28,duration_to_first_press_of_snapbutton_in_each_round_f404,202451
29,type_of_accommodation_lived_in_f670,501630
30,own_or_rent_accommodation_lived_in_f680,500236
31,length_of_time_at_current_address_f699,501626
32,number_in_household_f709,500234
33,average_total_household_income_before_tax_f738,496481
34,number_of_daysweek_walked_10_minutes_f864,501619
35,duration_of_walks_f874,477866
36,number_of_daysweek_of_moderate_physical_activity_10_minutes_f884,501615
37,duration_of_moderate_activity_f894,411025
38,number_of_daysweek_of_vigorous_physical_activity_10_minutes_f904,501615
39,duration_of_vigorous_activity_f914,294721
40,usual_walking_pace_f924,499686
41,frequency_of_stair_climbing_in_last_4_weeks_f943,495935
42,frequency_of_walking_for_pleasure_in_last_4_weeks_f971,350937
43,duration_walking_for_pleasure_f981,350937
44,frequency_of_strenuous_sports_in_last_4_weeks_f991,50068
45,duration_of_strenuous_sports_f1001,50068
46,frequency_of_light_diy_in_last_4_weeks_f1011,248564
47,duration_of_light_diy_f1021,248564
48,frequency_of_friendfamily_visits_f1031,497841
49,time_spend_outdoors_in_summer_f1050,497841
50,time_spent_outdoors_in_winter_f1060,497841
51,time_spent_watching_television_tv_f1070,501610
52,time_spent_using_computer_f1080,497839
53,time_spent_driving_f1090,501367
54,drive_faster_than_motorway_speed_limit_f1100,501367
55,length_of_mobile_phone_use_f1110,501609
56,weekly_usage_of_mobile_phone_in_last_3_months_f1120,423326
57,handsfree_devicespeakerphone_use_with_mobile_phone_in_last_3_month_f1130,423326
58,difference_in_mobile_phone_use_compared_to_two_years_previously_f1140,423326
59,usual_side_of_head_for_mobile_phone_use_f1150,423324
60,sleep_duration_f1160,501606
61,getting_up_in_morning_f1170,497836
62,morningevening_person_chronotype_f1180,497834
63,nap_during_day_f1190,501602
64,sleeplessness_insomnia_f1200,501602
65,snoring_f1210,501602
66,daytime_dozing_sleeping_narcolepsy_f1220,501602
67,current_tobacco_smoking_f1239,501602
68,past_tobacco_smoking_f1249,462359
69,smokingsmokers_in_household_f1259,458989
70,exposure_to_tobacco_smoke_at_home_f1269,462759
71,exposure_to_tobacco_smoke_outside_home_f1279,462759
72,salad_raw_vegetable_intake_f1299,501600
73,fresh_fruit_intake_f1309,501600
74,oily_fish_intake_f1329,501599
75,nonoily_fish_intake_f1339,501599
76,processed_meat_intake_f1349,501598
77,poultry_intake_f1359,501598
78,lambmutton_intake_f1379,501598
79,pork_intake_f1389,501596
80,cheese_intake_f1408,489611
81,milk_type_used_f1418,501513
82,spread_type_f1428,497826
83,bread_intake_f1438,497826
84,bread_type_f1448,481368
85,cereal_intake_f1458,501479
86,cereal_type_f1468,415200
87,salt_added_to_food_f1478,501596
88,tea_intake_f1488,501596
89,coffee_intake_f1498,501596
90,coffee_type_f1508,386217
91,hot_drink_temperature_f1518,501596
92,water_intake_f1528,501596
93,major_dietary_changes_in_the_last_5_years_f1538,501596
94,variation_in_diet_f1548,497826
95,alcohol_intake_frequency_f1558,501596
96,average_weekly_red_wine_intake_f1568,346492
97,average_weekly_champagne_plus_white_wine_intake_f1578,346491
98,average_weekly_beer_plus_cider_intake_f1588,346491
99,average_weekly_spirits_intake_f1598,346491
100,average_weekly_fortified_wine_intake_f1608,346491
101,alcohol_usually_taken_with_meals_f1618,387320
102,alcohol_intake_versus_10_years_previously_f1628,460352
103,country_of_birth_ukelsewhere_f1647,501595
104,breastfed_as_a_baby_f1677,501595
105,comparative_body_size_at_age_10_f1687,501595
106,comparative_height_size_at_age_10_f1697,501595
107,handedness_chiralitylaterality_f1707,501595
108,skin_colour_f1717,501594
109,ease_of_skin_tanning_f1727,497824
110,childhood_sunburn_occasions_f1737,497824
111,hair_colour_natural_before_greying_f1747,501594
112,facial_ageing_f1757,497823
113,adopted_as_a_child_f1767,501593
114,part_of_a_multiple_birth_f1777,494236
115,maternal_smoking_around_birth_f1787,494236
116,father_still_alive_f1797,494235
117,mother_still_alive_f1835,494235
118,mothers_age_f1845,199326
119,number_of_full_brothers_f1873,494232
120,number_of_full_sisters_f1883,494232
121,mood_swings_f1920,501589
122,miserableness_f1930,501589
123,irritability_f1940,501589
124,sensitivity_hurt_feelings_f1950,501588
125,fedup_feelings_f1960,501588
126,nervous_feelings_f1970,501588
127,worrier_anxious_feelings_f1980,501587
128,tense_highly_strung_f1990,501587
129,worry_too_long_after_embarrassment_f2000,501587
130,suffer_from_nerves_f2010,501587
131,loneliness_isolation_f2020,501586
132,guilty_feelings_f2030,501586
133,risk_taking_f2040,501586
134,frequency_of_depressed_mood_in_last_2_weeks_f2050,501586
135,frequency_of_unenthusiasm_disinterest_in_last_2_weeks_f2060,501585
136,frequency_of_tenseness_restlessness_in_last_2_weeks_f2070,501584
137,frequency_of_tiredness_lethargy_in_last_2_weeks_f2080,501583
138,seen_doctor_gp_for_nerves_anxiety_tension_or_depression_f2090,501582
139,seen_a_psychiatrist_for_nerves_anxiety_tension_or_depression_f2100,501582
140,able_to_confide_f2110,501581
141,answered_sexual_history_questions_f2129,501576
142,age_first_had_sexual_intercourse_f2139,455483
143,lifetime_number_of_sexual_partners_f2149,451254
144,ever_had_samesex_intercourse_f2159,451254
145,overall_health_rating_f2178,501575
146,longstanding_illness_disability_or_infirmity_f2188,501575
147,wears_glasses_or_contact_lenses_f2207,501574
148,age_started_wearing_glasses_or_contact_lenses_f2217,439936
149,other_eye_problems_f2227,501574
150,plays_computer_games_f2237,501574
151,hearing_difficultyproblems_f2247,497804
152,hearing_difficultyproblems_with_background_noise_f2257,501444
153,use_of_sunuv_protection_f2267,497804
154,frequency_of_solariumsunlamp_use_f2277,497804
155,falls_in_the_last_year_f2296,501573
156,weight_change_compared_with_1_year_ago_f2306,501573
157,wheeze_or_whistling_in_the_chest_in_last_year_f2316,501572
158,chest_pain_or_discomfort_f2335,501570
159,ever_had_bowel_cancer_screening_f2345,501569
160,most_recent_bowel_cancer_screening_f2355,155515
161,ever_had_prostate_specific_antigen_psa_test_f2365,228648
162,relative_age_of_first_facial_hair_f2375,226931
163,relative_age_voice_broke_f2385,226931
164,hairbalding_pattern_f2395,226931
165,number_of_children_fathered_f2405,226931
166,had_major_operations_f2415,228647
167,diabetes_diagnosed_by_doctor_f2443,501562
168,cancer_diagnosed_by_doctor_f2453,501562
169,fracturedbroken_bones_in_last_5_years_f2463,501562
170,other_serious_medical_conditiondisability_diagnosed_by_doctor_f2473,501562
171,taking_other_prescription_medications_f2492,501562
172,frequency_of_heavy_diy_in_last_4_weeks_f2624,205431
173,duration_of_heavy_diy_f2634,205431
174,light_smokers_at_least_100_smokes_in_lifetime_f2644,137554
175,nonbutter_spread_type_details_f2654,259814
176,reason_for_reducing_amount_of_alcohol_drunk_f2664,207079
177,ever_had_breast_cancer_screening_mammogram_f2674,272903
178,years_since_last_breast_cancer_screening_mammogram_f2684,217381
179,ever_had_cervical_smear_test_f2694,272903
180,years_since_last_cervical_smear_test_f2704,265776
181,age_when_periods_started_menarche_f2714,272903
182,had_menopause_f2724,272903
183,number_of_live_births_f2734,272901
184,birth_weight_of_first_child_f2744,221444
185,age_at_first_live_birth_f2754,184977
186,age_at_last_live_birth_f2764,184977
187,ever_had_stillbirth_spontaneous_miscarriage_or_termination_f2774,272900
188,ever_taken_oral_contraceptive_pill_f2784,272900
189,age_started_oral_contraceptive_pill_f2794,220432
190,age_when_last_used_oral_contraceptive_pill_f2804,220096
191,ever_used_hormonereplacement_therapy_hrt_f2814,272900
192,age_at_hysterectomy_f2824,51039
193,bilateral_oophorectomy_both_ovaries_removed_f2834,272900
194,had_other_major_operations_f2844,272900
195,age_started_smoking_in_former_smokers_f2867,120972
196,type_of_tobacco_previously_smoked_f2877,120972
197,number_of_cigarettes_previously_smoked_daily_f2887,115475
198,age_stopped_smoking_f2897,120972
199,ever_stopped_smoking_for_6_months_f2907,120042
200,number_of_unsuccessful_stopsmoking_attempts_f2926,120042
201,likelihood_of_resuming_smoking_f2936,120042
202,fathers_age_f2946,114634
203,general_pain_for_3_months_f2956,8840
204,age_high_blood_pressure_diagnosed_f2966,134631
205,age_diabetes_diagnosed_f2976,25282
206,started_insulin_within_one_year_diagnosis_of_diabetes_f2986,25306
207,fracture_resulting_from_simple_fall_f3005,47460
208,forced_vital_capacity_fvc_f3062,453688
209,pacemaker_f3079,500778
210,pregnant_f3140,272536
211,heel_bone_mineral_density_bmd_f3148,278946
212,hearing_aid_user_f3393,307623
213,neckshoulder_pain_for_3_months_f3404,116982
214,age_started_smoking_in_current_smokers_f3436,39243
215,type_of_tobacco_currently_smoked_f3446,39243
216,number_of_cigarettes_currently_smoked_daily_current_cigarette_smokers_f3456,36483
217,time_from_waking_to_first_cigarette_f3466,36117
218,difficulty_not_smoking_for_1_day_f3476,36117
219,ever_tried_to_stop_smoking_f3486,39243
220,wants_to_stop_smoking_f3496,38841
221,smoking_compared_to_10_years_previous_f3506,39243
222,mothers_age_at_death_f3526,298433
223,age_started_hormonereplacement_therapy_hrt_f3536,103916
224,age_last_used_hormonereplacement_therapy_hrt_f3546,103916
225,back_pain_for_3_months_f3571,130083
226,ever_had_hysterectomy_womb_removed_f3591,241731
227,chest_pain_or_discomfort_walking_normally_f3606,81013
228,chest_pain_due_to_walking_ceases_when_standing_still_f3616,31907
229,age_angina_diagnosed_f3627,15996
230,frequency_of_other_exercises_in_last_4_weeks_f3637,236088
231,duration_of_other_exercises_f3647,236088
232,lifetime_number_of_samesex_sexual_partners_f3669,15815
233,length_of_menstrual_cycle_f3710,64070
234,former_alcohol_drinker_f3731,40639
235,stomachabdominal_pain_for_3_months_f3741,43990
236,chest_pain_or_discomfort_when_walking_uphill_or_hurrying_f3751,65256
237,age_hay_fever_rhinitis_or_eczema_diagnosed_f3761,115127
238,age_asthma_diagnosed_f3786,57687
239,headaches_for_3_months_f3799,102968
240,time_since_last_prostate_specific_antigen_psa_test_f3809,66154
241,number_of_stillbirths_f3829,87239
242,number_of_spontaneous_miscarriages_f3839,87239
243,number_of_pregnancy_terminations_f3849,87239
244,reason_former_drinker_stopped_drinking_alcohol_f3859,17964
245,age_of_primiparous_women_at_birth_of_child_f3872,36467
246,age_at_bilateral_oophorectomy_both_ovaries_removed_f3882,21762
247,age_heart_attack_diagnosed_f3894,11545
248,age_emphysemachronic_bronchitis_diagnosed_f3992,8315
249,age_deepvein_thrombosis_dvt_blood_clot_in_leg_diagnosed_f4012,9953
250,age_pulmonary_embolism_blood_clot_in_lung_diagnosed_f4022,4118
251,gestational_diabetes_only_f4041,10321
252,age_stroke_diagnosed_f4056,7579
253,facial_pains_for_3_months_f4067,9342
254,diastolic_blood_pressure_automated_reading_f4079,468065
255,systolic_blood_pressure_automated_reading_f4080,468052
256,method_of_measuring_blood_pressure_f4081,501631
257,pulse_wave_reflection_index_f4195,170743
258,pulse_wave_peak_to_peak_time_f4196,170647
259,pulse_wave_pressure_versus_time_response_curve_f4205,170743
260,pulse_wave_velocity_manual_entry_f4207,161
261,number_of_digits_to_be_memorisedrecalled_f4250,51663
262,target_number_to_be_memorised_f4251,51663
263,target_number_to_be_entered_f4252,51663
264,time_number_displayed_for_f4253,51663
265,time_first_key_touched_f4254,51652
266,time_last_key_touched_f4255,51652
267,time_elapsed_f4256,51652
268,keystroke_history_f4257,51663
269,number_entered_by_participant_f4258,51631
270,digits_entered_correctly_f4259,51652
271,round_of_numeric_memory_test_f4260,51663
272,completion_status_of_numeric_memory_test_f4281,51806
273,maximum_digits_remembered_correctly_f4282,51806
274,number_of_rounds_of_numeric_memory_test_performed_f4283,51806
275,time_to_complete_test_f4285,51806
276,time_when_initial_screen_shown_f4286,171546
277,test_completion_status_f4287,171546
278,time_to_answer_f4288,171546
279,time_screen_exited_f4289,171546
280,duration_screen_displayed_f4290,171546
281,number_of_attempts_f4291,171546
282,pm_initial_answer_f4292,171546
283,pm_final_answer_f4293,171546
284,final_attempt_correct_f4294,171546
285,history_of_attempts_f4295,171546
286,average_monthly_red_wine_intake_f4407,40829
287,average_monthly_champagne_plus_white_wine_intake_f4418,40829
288,average_monthly_beer_plus_cider_intake_f4429,40829
289,average_monthly_spirits_intake_f4440,40829
290,average_monthly_fortified_wine_intake_f4451,40829
291,average_monthly_intake_of_other_alcoholic_drinks_f4462,40829
292,nonaccidental_death_in_close_genetic_family_f4501,169633
293,happiness_f4526,172696
294,workjob_satisfaction_f4537,172696
295,health_satisfaction_f4548,172696
296,family_relationship_satisfaction_f4559,172696
297,friendships_satisfaction_f4570,172696
298,financial_situation_satisfaction_f4581,172696
299,ever_depressed_for_a_whole_week_f4598,172696
300,longest_period_of_depression_f4609,89374
301,number_of_depression_episodes_f4620,89374
302,ever_unenthusiasticdisinterested_for_a_whole_week_f4631,172696
303,ever_manichyper_for_2_days_f4642,172696
304,ever_highly_irritableargumentative_for_2_days_f4653,172696
305,age_glaucoma_diagnosed_f4689,2850
306,age_cataract_diagnosed_f4700,7779
307,shortness_of_breath_walking_on_level_ground_f4717,172696
308,leg_pain_on_walking_f4728,172696
309,cochlear_implant_f4792,172566
310,tinnitus_f4803,172566
311,noisy_workplace_f4825,172566
312,loud_music_exposure_frequency_f4836,172566
313,attempted_fluid_intelligence_fi_test_f4924,168400
314,fi1_numeric_addition_test_f4935,165457
315,fi2_identify_largest_number_f4946,165068
316,fi3_word_interpolation_f4957,164961
317,fi4_positional_arithmetic_f4968,164642
318,fi5_family_relationship_calculation_f4979,160037
319,fi6_conditional_arithmetic_f4990,142137
320,fi7_synonym_f5001,114398
321,fi8_chained_arithmetic_f5012,103261
322,number_of_older_siblings_f5057,151053
323,average_weekly_intake_of_other_alcoholic_drinks_f5364,116097
324,longest_period_of_unenthusiasm_disinterest_f5375,60547
325,number_of_unenthusiasticdisinterested_episodes_f5386,60543
326,which_eyes_are_affected_by_cataract_f5441,6370
327,surgery_on_leg_arteries_other_than_for_varicose_veins_f5529,39745
328,surgeryamputation_of_toe_or_leg_f5540,39745
329,fi9_concept_interpolation_f5556,47066
330,length_of_longest_manicirritable_episode_f5663,36074
331,severity_of_manicirritable_episodes_f5674,36074
332,fi10_arithmetic_sequence_recognition_f5699,32150
333,fi11_antonym_f5779,16748
334,fi12_square_sequence_recognition_f5790,11748
335,fi13_subset_inclusion_logic_f5866,4350
336,which_eyes_affected_by_diabetesrelated_eye_disease_f5890,1519
337,age_when_diabetesrelated_eye_disease_diagnosed_f5901,1834
338,which_eyes_affected_by_macular_degeneration_f5912,1315
339,age_macular_degeneration_diagnosed_f5923,1315
340,age_other_serious_eye_condition_diagnosed_f5945,2451
341,previously_smoked_cigarettes_on_mostall_days_f5959,2634
342,ecg_heart_rate_f5983,74979
343,ecg_load_f5984,77744
344,bicycle_speed_f5985,77744
345,ecg_phase_time_f5986,77944
346,ecg_trend_phase_name_f5987,77941
347,ecg_stage_name_f5988,77941
348,ecg_phase_name_f5991,77944
349,ecg_phase_duration_f5992,77944
350,ecg_number_of_stages_in_a_phase_f5993,77944
351,doctor_restricts_physical_activity_due_to_heart_condition_f6014,79199
352,chest_pain_felt_during_physical_activity_f6015,79199
353,chest_pain_felt_outside_physical_activity_f6016,79199
354,able_to_walk_or_cycle_unaided_for_10_minutes_f6017,79199
355,ecgbike_method_for_fitness_test_f6019,78958
356,completion_status_of_test_f6020,77957
357,description_of_exercise_protocol_recommended_f6023,77952
358,program_category_f6024,79201
359,fitness_test_results_including_ecg_data_f6025,77943
360,maximum_workload_during_fitness_test_f6032,77943
361,maximum_heart_rate_during_fitness_test_f6033,77927
362,target_heart_rate_achieved_f6034,77944
363,number_of_trend_entries_f6038,77944
364,duration_of_fitness_test_f6039,77944
365,which_eyes_affected_by_glaucoma_f6119,2137
366,qualifications_f6138,497853
367,gas_or_solidfuel_cookingheating_f6139,497856
368,heating_types_in_home_f6140,172696
369,never_eat_eggs_dairy_wheat_sugar_f6144,497826
370,illness_injury_bereavement_stress_in_last_2_years_f6145,497810
371,reason_for_glassescontact_lenses_f6147,106617
372,eye_problemsdisorders_f6148,174609
373,mouthteeth_dental_problems_f6149,497804
374,vascularheart_problems_diagnosed_by_doctor_f6150,501564
375,fractured_bone_sites_f6151,47460
376,blood_clot_dvt_bronchitis_emphysema_asthma_rhinitis_eczema_allergy_diagnosed_by_doctor_f6152,501562
377,medication_for_cholesterol_blood_pressure_diabetes_or_take_exogenous_hormones_f6153,270848
378,medication_for_pain_relief_constipation_heartburn_f6154,497791
379,vitamin_and_mineral_supplements_f6155,497791
380,manichyper_symptoms_f6156,36074
381,why_stopped_smoking_f6157,120042
382,why_reduced_smoking_f6158,16757
383,pain_types_experienced_in_last_month_f6159,501571
384,leisuresocial_activities_f6160,501611
385,types_of_transport_used_excluding_work_f6162,495934
386,types_of_physical_activity_in_last_4_weeks_f6164,496192
387,medication_for_cholesterol_blood_pressure_or_diabetes_f6177,226929
388,mineral_and_other_dietary_supplements_f6179,497790
389,number_of_cigarettes_previously_smoked_daily_current_cigarpipe_smokers_f6183,1786
390,age_stopped_smoking_cigarettes_current_cigarpipe_or_previous_cigarette_smoker_f6194,1786
391,medication_for_smoking_cessation_constipation_heartburn_allergies_pilot_f10005,3770
392,regular_use_of_handsfree_devicespeakerphone_with_mobile_phone_pilot_f10016,2949
393,internet_user_pilot_f10105,3770
394,willing_to_be_contacted_by_email_pilot_f10114,3770
395,why_stopped_smoking_pilot_f10115,930
396,type_of_progestanonly_oral_contraceptive_used_pilot_f10132,44
397,index_for_card_a_in_round_pilot_f10139,3714
398,index_for_card_b_in_round_pilot_f10140,3714
399,number_of_times_snapbutton_pressed_pilot_f10141,3714
400,duration_to_first_press_of_snapbutton_in_each_round_pilot_f10147,1493
401,words_answer_array_pilot_f10609,3739
402,word_count_pilot_f10610,3744
403,number_of_words_beginning_with_s_pilot_f10612,3744
404,frequency_of_friendfamily_visits_pilot_f10740,3770
405,time_using_mobile_phone_in_last_3_months_pilot_f10749,2949
406,reason_for_reducing_amount_of_alcohol_drunk_pilot_f10818,1515
407,ever_stopped_smoking_for_6_months_pilot_f10827,930
408,reason_former_drinker_stopped_drinking_alcohol_pilot_f10853,138
409,other_dietary_supplements_pilot_f10854,3770
410,gas_or_solidfuel_cookingheating_pilot_f10860,3770
411,average_total_household_income_before_tax_pilot_f10877,3751
412,difference_in_mobile_phone_use_compared_to_one_year_previously_pilot_f10886,2949
413,light_smokers_at_least_100_smokes_in_lifetime_pilot_f10895,934
414,duration_of_walks_pilot_f10953,3634
415,duration_of_moderate_physical_activity_pilot_f10962,3045
416,duration_of_vigorous_physical_activity_pilot_f10971,1980
417,cancer_code_selfreported_f20001,41697
418,noncancer_illness_code_selfreported_f20002,375027
419,treatmentmedication_code_f20003,363967
420,operation_code_f20004,391264
421,interpolated_year_when_cancer_first_diagnosed_f20006,41697
422,interpolated_age_of_participant_when_cancer_first_diagnosed_f20007,41697
423,interpolated_year_when_noncancer_illness_first_diagnosed_f20008,375024
424,interpolated_age_of_participant_when_noncancer_illness_first_diagnosed_f20009,375024
425,interpolated_year_when_operation_took_place_f20010,391261
426,interpolated_age_of_participant_when_operation_took_place_f20011,391261
427,method_of_recording_time_when_cancer_first_diagnosed_f20012,41697
428,method_of_recording_time_when_noncancer_illness_first_diagnosed_f20013,375027
429,method_of_recording_time_when_operation_occurred_f20014,391264
430,fluid_intelligence_score_f20016,165457
431,prospective_memory_result_f20018,171546
432,birth_weight_f20022,276989
433,mean_time_to_correctly_identify_matches_f20023,496668
434,reason_for_skipping_ecg_f20058,358
435,reason_ecg_not_completed_f20059,262
436,reason_atrest_ecg_performed_without_bicycle_f20060,942
437,reason_for_not_eating_or_drinking_normally_f20085,12810
438,type_of_special_diet_followed_f20086,15365
439,type_of_meals_eaten_f20089,66924
440,size_of_white_wine_glass_drunk_f20095,8907
441,size_of_red_wine_glass_drunk_f20096,11712
442,size_of_rose_wine_glass_drunk_f20097,1938
443,illnesses_of_father_f20107,487761
444,illnesses_of_mother_f20110,492899
445,illnesses_of_siblings_f20111,433895
446,country_of_birth_nonuk_origin_f20115,40577
447,smoking_status_f20116,501602
448,alcohol_drinker_status_f20117,501596
449,home_area_population_density_urban_or_rural_f20118,497443
450,cascot_confidence_score_f20121,14552
451,bipolar_disorder_status_f20122,1615
452,single_episode_of_probable_major_depression_f20123,9754
453,probable_recurrent_major_depression_moderate_f20124,15244
454,probable_recurrent_major_depression_severe_f20125,9398
455,bipolar_and_major_depression_status_f20126,122974
456,neuroticism_score_f20127,401565
457,number_of_fluid_intelligence_questions_attempted_within_time_limit_f20128,165457
458,number_of_columns_displayed_in_round_f20129,118529
459,number_of_rows_displayed_in_round_f20130,118529
460,number_of_correct_matches_in_round_f20131,118529
461,number_of_incorrect_matches_in_round_f20132,118529
462,time_to_complete_round_f20133,118529
463,when_pairs_test_completed_f20134,118529
464,when_fluid_intelligence_test_completed_f20135,123614
465,when_trail_making_test_completed_f20136,120460
466,when_symbol_digit_substitution_test_completed_f20137,120177
467,when_numeric_memory_test_completed_f20138,111063
468,forced_expiratory_volume_in_1second_fev1_best_measure_f20150,353303
469,forced_vital_capacity_fvc_best_measure_f20151,353303
470,duration_to_complete_numeric_path_trail_1_f20156,104031
471,duration_to_complete_alphanumeric_path_trail_2_f20157,104029
472,number_of_symbol_digit_matches_made_correctly_f20159,118467
473,ever_smoked_f20160,499609
474,pack_years_of_smoking_f20161,150945
475,pack_years_adult_smoking_as_proportion_of_life_span_exposed_to_smoking_f20162,150945
476,fi1_numeric_addition_test_f20165,123152
477,fi2_identify_largest_number_f20167,123176
478,fi3_word_interpolation_f20169,123142
479,fi4_positional_arithmetic_f20171,122502
480,fi5_family_relationship_calculation_f20173,119909
481,fi6_conditional_arithmetic_f20175,107544
482,fi7_synonym_f20177,87417
483,fi8_chained_arithmetic_f20179,79517
484,fi9_concept_interpolation_f20181,32426
485,fi10_arithmetic_sequence_recognition_f20183,21571
486,fi11_antonym_f20185,10008
487,fi12_square_sequence_recognition_f20187,6424
488,fi13_subset_inclusion_logic_f20189,1444
489,fluid_intelligence_score_f20191,123614
490,fi14_alphanumeric_substitution_f20193,525
491,number_of_symbol_digit_matches_attempted_f20195,118467
492,first_code_array_presented_f20196,120177
493,test_array_presented_f20198,118787
494,values_wanted_f20200,118787
495,values_entered_f20229,118787
496,duration_to_entering_value_f20230,118787
497,maximum_digits_remembered_correctly_f20240,111063
498,fluid_intelligence_completion_status_f20242,123614
499,pairs_matching_completion_status_f20244,118529
500,symbol_digit_completion_status_f20245,120177
501,trail_making_completion_status_f20246,120460
502,total_errors_traversing_numeric_path_trail_1_f20247,26360
503,total_errors_traversing_alphanumeric_path_trail_2_f20248,42772
504,fev1_fvc_ratio_zscore_f20258,379382
505,ever_addicted_to_any_substance_or_behaviour_f20401,157340
506,amount_of_alcohol_drunk_on_a_typical_drinking_day_f20403,143658
507,ever_physically_dependent_on_alcohol_f20404,3590
508,ever_had_known_person_concerned_about_or_recommend_reduction_of_alcohol_consumption_f20405,157340
509,ever_addicted_to_alcohol_f20406,9380
510,frequency_of_failure_to_fulfil_normal_expectations_due_to_drinking_alcohol_in_last_year_f20407,85196
511,frequency_of_memory_loss_due_to_drinking_alcohol_in_last_year_f20408,85196
512,frequency_of_feeling_guilt_or_remorse_after_drinking_alcohol_in_last_year_f20409,85196
513,age_when_known_person_last_commented_about_drinking_habits_f20410,7021
514,ever_been_injured_or_injured_someone_else_through_drinking_alcohol_f20411,157340
515,frequency_of_needing_morning_drink_of_alcohol_after_heavy_drinking_session_in_last_year_f20412,85196
516,frequency_of_inability_to_cease_drinking_in_last_year_f20413,85196
517,frequency_of_drinking_alcohol_f20414,157340
518,ongoing_addiction_to_alcohol_f20415,3590
519,frequency_of_consuming_six_or_more_units_of_alcohol_f20416,143658
520,tense_sore_or_aching_muscles_during_worst_period_of_anxiety_f20417,48769
521,impact_on_normal_roles_during_worst_period_of_anxiety_f20418,48769
522,difficulty_concentrating_during_worst_period_of_anxiety_f20419,48769
523,longest_period_spent_worried_or_anxious_f20420,39007
524,ever_felt_worried_tense_or_anxious_for_most_of_a_month_or_longer_f20421,157340
525,more_irritable_than_usual_during_worst_period_of_anxiety_f20422,48769
526,keyed_up_or_on_edge_during_worst_period_of_anxiety_f20423,48769
527,ever_worried_more_than_most_people_would_in_similar_situation_f20425,157340
528,restless_during_period_of_worst_anxiety_f20426,48769
529,frequent_trouble_falling_or_staying_asleep_during_worst_period_of_anxiety_f20427,48769
530,professional_informed_about_anxiety_f20428,48769
531,easily_tired_during_worst_period_of_anxiety_f20429,48769
532,ever_addicted_to_a_behaviour_or_miscellanous_f20431,9380
533,ongoing_behavioural_or_miscellanous_addiction_f20432,2242
534,age_at_first_episode_of_depression_f20433,89029
535,age_at_last_episode_of_depression_f20434,89029
536,difficulty_concentrating_during_worst_depression_f20435,89029
537,fraction_of_day_affected_during_worst_episode_of_depression_f20436,89029
538,thoughts_of_death_during_worst_depression_f20437,89029
539,duration_of_worst_depression_f20438,89029
540,frequency_of_depressed_days_during_worst_episode_of_depression_f20439,89029
541,impact_on_normal_roles_during_worst_period_of_depression_f20440,89029
542,ever_had_prolonged_loss_of_interest_in_normal_activities_f20441,157340
543,lifetime_number_of_depressed_periods_f20442,89029
544,depression_possibly_related_to_childbirth_f20445,89029
545,ever_had_prolonged_feelings_of_sadness_or_depression_f20446,157340
546,depression_possibly_related_to_stressful_or_traumatic_event_f20447,89029
547,professional_informed_about_depression_f20448,89029
548,feelings_of_tiredness_during_worst_episode_of_depression_f20449,89029
549,ever_taken_cannabis_f20453,157340
550,maximum_frequency_of_taking_cannabis_f20454,34880
551,age_when_last_took_cannabis_f20455,34880
552,ever_addicted_to_illicit_or_recreational_drugs_f20456,9380
553,ongoing_addiction_or_dependence_on_illicit_or_recreational_drugs_f20457,777
554,general_happiness_f20458,157340
555,general_happiness_with_own_health_f20459,157340
556,belief_that_own_life_is_meaningful_f20460,157340
557,age_when_first_had_unusual_or_psychotic_experience_f20461,7801
558,distress_caused_by_unusual_or_psychotic_experiences_f20462,7801
559,ever_heard_an_unreal_voice_f20463,157340
560,number_of_times_heard_an_unreal_voice_f20465,2776
561,ever_prescribed_a_medication_for_unusual_or_psychotic_experiences_f20466,7801
562,frequency_of_unusual_or_psychotic_experiences_in_past_year_f20467,7801
563,ever_believed_in_an_unreal_conspiracy_against_self_f20468,157340
564,number_of_times_believed_in_an_unreal_conspiracy_against_self_f20470,1261
565,ever_seen_an_unreal_vision_f20471,157340
566,number_of_times_seen_an_unreal_vision_f20473,5029
567,ever_believed_in_unreal_communications_or_signs_f20474,157340
568,number_of_times_believed_in_unreal_communications_or_signs_f20476,1137
569,ever_talked_to_a_health_professional_about_unusual_or_psychotic_experiences_f20477,7801
570,ever_thought_that_life_not_worth_living_f20479,157340
571,ever_selfharmed_f20480,157340
572,selfharmed_in_past_year_f20481,6868
573,number_of_times_selfharmed_f20482,6868
574,ever_attempted_suicide_f20483,6868
575,attempted_suicide_in_past_year_f20484,3561
576,ever_contemplated_selfharm_f20485,157340
577,contemplated_selfharm_in_past_year_f20486,23184
578,felt_hated_by_family_member_as_a_child_f20487,157340
579,physically_abused_by_family_as_a_child_f20488,157340
580,felt_loved_as_a_child_f20489,157340
581,sexually_molested_as_a_child_f20490,157340
582,someone_to_take_to_doctor_when_needed_as_a_child_f20491,157340
583,longest_period_of_mania_or_irritability_f20492,42495
584,severity_of_problems_due_to_mania_or_irritability_f20493,42495
585,felt_irritable_or_had_angry_outbursts_in_past_month_f20494,71186
586,avoided_activities_or_situations_because_of_previous_stressful_experience_in_past_month_f20495,157340
587,felt_distant_from_other_people_in_past_month_f20496,71186
588,repeated_disturbing_thoughts_of_stressful_experience_in_past_month_f20497,157340
589,felt_very_upset_when_reminded_of_stressful_experience_in_past_month_f20498,157340
590,ever_sought_or_received_professional_help_for_mental_distress_f20499,157340
591,ever_suffered_mental_distress_preventing_usual_activities_f20500,157340
592,ever_had_period_of_mania_excitability_f20501,157340
593,ever_had_period_extreme_irritability_f20502,157340
594,ever_addicted_to_prescription_or_overthecounter_medication_f20503,9380
595,ongoing_addiction_or_dependence_to_overthecounter_medication_f20504,1318
596,recent_easy_annoyance_or_irritability_f20505,157340
597,recent_feelings_or_nervousness_or_anxiety_f20506,157340
598,recent_feelings_of_inadequacy_f20507,157340
599,recent_trouble_concentrating_on_things_f20508,157340
600,recent_inability_to_stop_or_control_worrying_f20509,157340
601,recent_feelings_of_depression_f20510,157340
602,recent_poor_appetite_or_overeating_f20511,157340
603,recent_feelings_of_foreboding_f20512,157340
604,recent_thoughts_of_suicide_or_selfharm_f20513,157340
605,recent_lack_of_interest_or_pleasure_in_doing_things_f20514,157340
606,recent_trouble_relaxing_f20515,157340
607,recent_restlessness_f20516,157340
608,trouble_falling_or_staying_asleep_or_sleeping_too_much_f20517,157340
609,recent_changes_in_speedamount_of_moving_or_speaking_f20518,157340
610,recent_feelings_of_tiredness_or_low_energy_f20519,157340
611,recent_worrying_too_much_about_different_things_f20520,157340
612,belittlement_by_partner_or_expartner_as_an_adult_f20521,157340
613,been_in_a_confiding_relationship_as_an_adult_f20522,157340
614,physical_violence_by_partner_or_expartner_as_an_adult_f20523,157340
615,sexual_interference_by_partner_or_expartner_without_consent_as_an_adult_f20524,157340
616,able_to_pay_rentmortgage_as_an_adult_f20525,157340
617,been_in_serious_accident_believed_to_be_lifethreatening_f20526,157340
618,been_involved_in_combat_or_exposed_to_warzone_f20527,157340
619,diagnosed_with_lifethreatening_illness_f20528,157340
620,victim_of_physically_violent_crime_f20529,157340
621,witnessed_sudden_violent_death_f20530,157340
622,victim_of_sexual_assault_f20531,157340
623,did_your_sleep_change_f20532,89029
624,trouble_falling_asleep_f20533,60901
625,sleeping_too_much_f20534,60901
626,waking_too_early_f20535,60901
627,weight_change_during_worst_episode_of_depression_f20536,89029
628,frequency_of_difficulty_controlling_worry_during_worst_period_of_anxiety_f20537,48769
629,worried_most_days_during_period_of_worst_anxiety_f20538,48769
630,frequency_of_inability_to_stop_worrying_during_worst_period_of_anxiety_f20539,48769
631,multiple_worries_during_worst_period_of_anxiety_f20540,48769
632,difficulty_stopping_worrying_during_worst_period_of_anxiety_f20541,48769
633,stronger_worrying_than_other_people_during_period_of_worst_anxiety_f20542,48769
634,number_of_things_worried_about_during_worst_period_of_anxiety_f20543,48769
635,ethnic_background_f21000,501595
636,age_when_attended_assessment_centre_f21003,502493
637,pulse_wave_arterial_stiffness_index_f21021,169790
638,ever_diagnosed_with_ibs_f21024,174760
639,discomfortpain_occurring_only_during_menstrual_bleed_f21026,61020
640,abdominal_discomfortpain_for_6_months_or_longer_f21027,93893
641,frequency_of_discomfortpain_getting_better_or_stopping_after_a_bowel_movement_f21028,93893
642,degree_bothered_by_back_pain_in_the_past_3_months_f21048,174760
643,degree_bothered_by_headaches_in_the_last_3_months_f21051,174760
644,degree_bothered_by_chest_pain_in_the_last_3_months_f21052,174760
645,degree_bothered_by_dizziness_in_the_last_3_months_f21053,174760
646,degree_bothered_by_fainting_spells_in_the_last_3_months_f21054,174760
647,degree_bothered_by_feeling_heart_poundrace_in_the_last_3_months_f21055,174760
648,degree_bothered_by_shortness_of_breath_in_the_last_3_months_f21056,174760
649,degree_bothered_by_nausea_in_the_last_3_months_f21059,174760
650,degree_bothered_by_feeling_tired_all_the_time_in_the_last_3_months_f21060,174760
651,degree_bothered_by_trouble_sleeping_in_the_last_3_months_f21061,174760
652,ever_been_offeredsought_treatment_for_anxiety_f21062,174760
653,ever_been_offeredsought_treatment_for_depression_f21063,174760
654,diagnosed_with_coeliac_disease_or_gluten_sensitivity_f21068,174760
655,genotype_measurement_batch_f22000,488252
656,genetic_sex_f22001,488252
657,cel_files_f22002,488252
658,heterozygosity_f22003,488252
659,heterozygosity_pca_corrected_f22004,488252
660,missingness_f22005,488252
661,genetic_ethnic_grouping_f22006,409606
662,genotype_measurement_plate_f22007,488252
663,genotype_measurement_well_f22008,488252
664,sex_chromosome_aneuploidy_f22019,651
665,used_in_genetic_principal_components_f22020,407116
666,genetic_kinship_to_other_participants_f22021,488252
667,sex_inference_x_probeintensity_f22022,488252
668,sex_inference_y_probeintensity_f22023,488252
669,dna_concentration_f22024,488252
670,affymetrix_quality_control_metric_clustercr_f22025,488252
671,affymetrix_quality_control_metric_dqc_f22026,488252
672,outliers_for_heterozygosity_or_missing_rate_f22027,968
673,use_in_phasing_chromosomes_122_f22028,488252
674,use_in_phasing_chromosome_x_f22029,488252
675,use_in_phasing_chromosome_xy_f22030,488252
676,ipaq_activity_group_f22032,402372
677,summed_days_activity_f22033,414029
678,summed_minutes_activity_f22034,402372
679,above_moderatevigorous_recommendation_f22035,402372
680,above_moderatevigorouswalking_recommendation_f22036,402260
681,met_minutes_per_week_for_walking_f22037,402372
682,met_minutes_per_week_for_moderate_activity_f22038,402372
683,met_minutes_per_week_for_vigorous_activity_f22039,402372
684,summed_met_minutes_per_week_for_all_activity_f22040,402372
685,chromosome_xy_genotype_results_f22100,488252
686,chromosome_1_genotype_results_f22101,488252
687,chromosome_2_genotype_results_f22102,488252
688,chromosome_3_genotype_results_f22103,488252
689,chromosome_4_genotype_results_f22104,488252
690,chromosome_5_genotype_results_f22105,488252
691,chromosome_6_genotype_results_f22106,488252
692,chromosome_7_genotype_results_f22107,488252
693,chromosome_8_genotype_results_f22108,488252
694,chromosome_9_genotype_results_f22109,488252
695,chromosome_10_genotype_results_f22110,488252
696,chromosome_11_genotype_results_f22111,488252
697,chromosome_12_genotype_results_f22112,488252
698,chromosome_13_genotype_results_f22113,488252
699,chromosome_14_genotype_results_f22114,488252
700,chromosome_15_genotype_results_f22115,488252
701,chromosome_16_genotype_results_f22116,488252
702,chromosome_17_genotype_results_f22117,488252
703,chromosome_18_genotype_results_f22118,488252
704,chromosome_19_genotype_results_f22119,488252
705,chromosome_20_genotype_results_f22120,488252
706,chromosome_21_genotype_results_f22121,488252
707,chromosome_22_genotype_results_f22122,488252
708,chromosome_x_genotype_results_f22123,488252
709,chromosome_y_genotype_results_f22124,488252
710,mitochondrial_genotype_results_f22125,488252
711,doctor_diagnosed_hayfever_or_allergic_rhinitis_f22126,121271
712,doctor_diagnosed_asthma_f22127,121271
713,doctor_diagnosed_emphysema_f22128,121271
714,doctor_diagnosed_chronic_bronchitis_f22129,121271
715,doctor_diagnosed_copd_chronic_obstructive_pulmonary_disease_f22130,121271
716,doctor_diagnosed_cystic_fibrosis_f22131,121271
717,doctor_diagnosed_alpha1_antitrypsin_deficiency_f22132,121271
718,doctor_diagnosed_sarcoidosis_f22133,121271
719,doctor_diagnosed_bronchiectasis_f22134,121271
720,doctor_diagnosed_idiopathic_pulmonary_fibrosis_f22135,121271
721,doctor_diagnosed_fibrosing_alveolitisunspecified_alveolitis_f22136,121271
722,doctor_diagnosed_tuberculosis_f22137,121271
723,doctor_diagnosed_silicosis_f22138,121271
724,doctor_diagnosed_asbestosis_f22139,121271
725,doctor_diagnosed_lung_cancer_not_mesothelioma_f22140,121271
726,doctor_diagnosed_mesothelioma_of_the_lung_f22141,121271
727,age_hayfever_or_allergic_rhinitis_diagnosed_by_doctor_f22146,27702
728,age_asthma_diagnosed_by_doctor_f22147,15491
729,age_emphysema_diagnosed_by_doctor_f22148,365
730,age_chronic_bronchitis_diagnosed_by_doctor_f22149,1383
731,age_copd_chronic_obstructive_pulmonary_disease_diagnosed_by_doctor_f22150,1768
732,age_cystic_fibrosis_diagnosed_by_doctor_f22151,9
733,age_alpha1_antitrypsin_deficiency_diagnosed_by_doctor_f22152,48
734,age_sarcoidosis_diagnosed_by_doctor_f22153,529
735,age_bronchiectasis_diagnosed_by_doctor_f22154,1073
736,age_idiopathic_pulmonary_fibrosis_diagnosed_by_doctor_f22155,108
737,age_fibrosing_alveolitisunspecified_alveolitis_diagnosed_by_doctor_f22156,46
738,age_tuberculosis_diagnosed_by_doctor_f22157,654
739,age_silicosis_diagnosed_by_doctor_f22158,8
740,age_asbestosis_diagnosed_by_doctor_f22159,85
741,age_lung_cancer_not_mesothelioma_diagnosed_by_doctor_f22160,156
742,age_mesothelioma_of_the_lung_diagnosed_by_doctor_f22161,14
743,recent_medication_for_hayfever_or_allergic_rhinitis_f22166,27702
744,recent_medication_for_asthma_f22167,15491
745,recent_medication_for_emphysema_f22168,365
746,recent_medication_for_chronic_bronchitis_f22169,1383
747,recent_medication_for_copd_chronic_obstructive_pulmonary_disease_f22170,1768
748,recent_medication_for_cystic_fibrosis_f22171,9
749,recent_medication_for_alpha1_antitrypsin_deficiency_f22172,48
750,recent_medication_for_sarcoidosis_f22173,529
751,recent_medication_for_bronchiectasis_f22174,1073
752,recent_medication_for_idiopathic_pulmonary_fibrosis_f22175,108
753,recent_medication_for_fibrosing_alveolitisunspecified_alveolitis_f22176,46
754,recent_medication_for_tuberculosis_f22177,654
755,recent_medication_for_silicosis_f22178,8
756,recent_medication_for_asbestosis_f22179,85
757,recent_medication_for_lung_cancer_not_mesothelioma_f22180,156
758,recent_medication_for_mesothelioma_of_the_lung_f22181,14
759,hla_imputation_values_f22182,488252
760,year_of_birth_f22200,121271
761,liver_iron_fe_f22400,1112
762,liver_inflammation_factor_lif_f22401,1095
763,cough_on_most_days_f22502,121271
764,years_of_cough_on_most_days_f22503,16496
765,bring_up_phlegmsputummucus_on_most_days_f22504,121271
766,years_of_bringing_up_phlegmsputummucus_on_most_days_f22505,10480
767,tobacco_smoking_f22506,121271
768,age_of_stopping_smoking_f22507,44006
769,amount_of_tobacco_currently_smoked_f22508,2872
770,number_of_jobs_held_f22599,118674
771,workplace_very_noisy_f22606,119696
772,workplace_very_cold_f22607,119088
773,workplace_very_hot_f22608,119113
774,workplace_very_dusty_f22609,118980
775,workplace_full_of_chemical_or_other_fumes_f22610,119075
776,workplace_had_a_lot_of_cigarette_smoke_from_other_people_smoking_f22611,119175
777,worked_with_materials_containing_asbestos_f22612,118952
778,worked_with_paints_thinners_or_glues_f22613,119142
779,worked_with_pesticides_f22614,118881
780,workplace_had_a_lot_of_diesel_exhaust_f22615,118871
781,breathing_problems_during_period_of_job_f22616,120294
782,breathing_problems_improvedstopped_away_from_workplace_or_on_holiday_f22618,3300
783,breathing_problems_responsible_for_leaving_job_f22619,2997
784,job_involved_shift_work_f22620,120294
785,mixture_of_day_and_night_shifts_worked_f22640,17391
786,period_spent_working_night_shifts_f22651,400
787,chromosome_xy_imputation_and_haplotype_results_f22800,486319
788,chromosome_1_imputation_and_haplotype_results_f22801,487284
789,chromosome_2_imputation_and_haplotype_results_f22802,487284
790,chromosome_3_imputation_and_haplotype_results_f22803,487284
791,chromosome_4_imputation_and_haplotype_results_f22804,487284
792,chromosome_5_imputation_and_haplotype_results_f22805,487284
793,chromosome_6_imputation_and_haplotype_results_f22806,487284
794,chromosome_7_imputation_and_haplotype_results_f22807,487284
795,chromosome_8_imputation_and_haplotype_results_f22808,487284
796,chromosome_9_imputation_and_haplotype_results_f22809,487284
797,chromosome_10_imputation_and_haplotype_results_f22810,487284
798,chromosome_11_imputation_and_haplotype_results_f22811,487284
799,chromosome_12_imputation_and_haplotype_results_f22812,487284
800,chromosome_13_imputation_and_haplotype_results_f22813,487284
801,chromosome_14_imputation_and_haplotype_results_f22814,487284
802,chromosome_15_imputation_and_haplotype_results_f22815,487284
803,chromosome_16_imputation_and_haplotype_results_f22816,487284
804,chromosome_17_imputation_and_haplotype_results_f22817,487284
805,chromosome_18_imputation_and_haplotype_results_f22818,487284
806,chromosome_19_imputation_and_haplotype_results_f22819,487284
807,chromosome_20_imputation_and_haplotype_results_f22820,487284
808,chromosome_21_imputation_and_haplotype_results_f22821,487284
809,chromosome_22_imputation_and_haplotype_results_f22822,487284
810,chromosome_x_imputation_and_haplotype_results_f22823,486633
811,1gg_antigen_for_herpes_simplex_virus1_f23000,9430
812,2mgg_unique_antigen_for_herpes_simplex_virus2_f23001,9430
813,ge_gi_antigen_for_varicella_zoster_virus_f23002,9430
814,vca_p18_antigen_for_epsteinbarr_virus_f23003,9430
815,ebna1_antigen_for_epsteinbarr_virus_f23004,9430
816,zebra_antigen_for_epsteinbarr_virus_f23005,9430
817,ead_antigen_for_epsteinbarr_virus_f23006,9430
818,pp150_nter_antigen_for_human_cytomegalovirus_f23007,9430
819,pp_52_antigen_for_human_cytomegalovirus_f23008,9430
820,pp_28_antigen_for_human_cytomegalovirus_f23009,9430
821,ie1a_antigen_for_human_herpesvirus6_f23010,9430
822,ie1b_antigen_for_human_herpesvirus6_f23011,9430
823,p101_k_antigen_for_human_herpesvirus6_f23012,9430
824,u14_antigen_for_human_herpesvirus7_f23013,9430
825,lana_antigen_for_kaposis_sarcomaassociated_herpesvirus_f23014,9430
826,k81_antigen_for_kaposis_sarcomaassociated_herpesvirus_f23015,9430
827,hbc_antigen_for_hepatitis_b_virus_f23016,9430
828,hbe_antigen_for_hepatitis_b_virus_f23017,9430
829,core_antigen_for_hepatitis_c_virus_f23018,9430
830,ns3_antigen_for_hepatitis_c_virus_f23019,9430
831,p22_antigen_for_toxoplasma_gondii_f23020,9430
832,sag1_antigen_for_toxoplasma_gondii_f23021,9430
833,htlv1_gag_antigen_for_human_tlymphotropic_virus_1_f23022,9430
834,htlv1_env_antigen_for_human_tlymphotropic_virus_1_f23023,9430
835,hiv1_gag_antigen_for_human_immunodeficiency_virus_f23024,9430
836,hiv1_env_antigen_for_human_immunodeficiency_virus_f23025,9430
837,bk_vp1_antigen_for_human_polyomavirus_bkv_f23026,9430
838,jc_vp1_antigen_for_human_polyomavirus_jcv_f23027,9430
839,mc_vp1_antigen_for_merkel_cell_polyomavirus_f23028,9430
840,l1_antigen_for_human_papillomavirus_type16_f23029,9430
841,e6_antigen_for_human_papillomavirus_type16_f23030,9430
842,e7_antigen_for_human_papillomavirus_type16_f23031,9430
843,l1_antigen_for_human_papillomavirus_type18_f23032,9430
844,momp_d_antigen_for_chlamydia_trachomatis_f23033,9430
845,momp_a_antigen_for_chlamydia_trachomatis_f23034,9430
846,tarpd_f1_antigen_for_chlamydia_trachomatis_f23035,9430
847,tarpd_f2_antigen_for_chlamydia_trachomatis_f23036,9430
848,porb_antigen_for_chlamydia_trachomatis_f23037,9430
849,pgp3_antigen_for_chlamydia_trachomatis_f23038,9430
850,caga_antigen_for_helicobacter_pylori_f23039,4755
851,vaca_antigen_for_helicobacter_pylori_f23040,9430
852,omp_antigen_for_helicobacter_pylori_f23041,9430
853,groel_antigen_for_helicobacter_pylori_f23042,9430
854,catalase_antigen_for_helicobacter_pylori_f23043,9430
855,urea_antigen_for_helicobacter_pylori_f23044,9430
856,antigen_assay_date_f23048,9430
857,antigen_assay_qc_indicator_f23049,1464
858,hsv1_seropositivity_for_herpes_simplex_virus1_f23050,9430
859,hsv2_seropositivity_for_herpes_simplex_virus2_f23051,9430
860,vzv_seropositivity_for_varicella_zoster_virus__f23052,9430
861,ebv_seropositivity_for_epsteinbarr_virus_f23053,9430
862,cmv_seropositivity_for_human_cytomegalovirus_f23054,9430
863,hhv6_overall_seropositivity_for_human_herpesvirus6_f23055,9430
864,hhv6a_seropositivity_for_human_herpesvirus6_f23056,9430
865,hhv6b_seropositivity_for_human_herpesvirus6_f23057,9430
866,hhv7_seropositivity_for_human_herpesvirus7_f23058,9430
867,kshv_seropositivity_for_kaposis_sarcomaassociated_herpesvirus_f23059,9430
868,hbv_seropositivity_for_hepatitis_b_virus_f23060,9430
869,hcv_seropositivity_for_hepatitis_c_virus_f23061,9430
870,t_gondii_seropositivity_for_toxoplasma_gondii_f23062,9430
871,htlv1_seropositivity_for_human_tlymphotropic_virus_1_f23063,9430
872,hiv1_seropositivity_for_human_immunodeficiency_virus_f23064,9430
873,bkv_seropositivity_for_human_polyomavirus_bkv_f23065,9430
874,jcv_seropositivity_for_human_polyomavirus_jcv_f23066,9430
875,mcv_seropositivity_for_merkel_cell_polyomavirus_f23067,9430
876,hpv_16_definition_i_seropositivity_for_human_papillomavirus_type16_f23068,9430
877,hpv_18_seropositivity_for_human_papillomavirus_type18_f23069,9430
878,c_trachomatis_definition_i_seropositivity_for_chlamydia_trachomatis_f23070,9430
879,c_trachomatis_definition_ii_seropositivity_for_chlamydia_trachomatis_f23071,7404
880,downhearted_and_depressed_over_last_week_f23072,120623
881,h_pylori_definition_i_seropositivity_for_helicobacter_pylori_f23073,4755
882,h_pylori_definition_ii_seropositivity_for_helicobacter_pylori_f23074,9430
883,hpv_16_definition_ii_seropositivity_for_human_papillomavirus_type16_f23075,9430
884,populationlevel_fe_variants_plink_format_f23160,49990
885,exome_fe_variant_call_files_vcfs_f23161,49990
886,exome_fe_variant_calls_indices_f23162,49990
887,exome_fe_cram_files_f23163,49990
888,exome_fe_cram_indices_f23164,49990
889,bgi_wgs_cram_files_f23181,48
890,bgi_wgs_cram_indices_f23182,48
891,broad_wgs_cram_files_f23183,48
892,broad_wgs_cram_indices_f23184,48
893,nitrogen_dioxide_air_pollution_2010_f24003,495114
894,nitrogen_oxides_air_pollution_2010_f24004,495114
895,particulate_matter_air_pollution_pm10_2010_f24005,461191
896,particulate_matter_air_pollution_pm25_2010_f24006,461191
897,particulate_matter_air_pollution_pm25_absorbance_2010_f24007,461191
898,particulate_matter_air_pollution_2510um_2010_f24008,461191
899,traffic_intensity_on_the_nearest_road_f24009,495114
900,inverse_distance_to_the_nearest_road_f24010,495114
901,traffic_intensity_on_the_nearest_major_road_f24011,495114
902,inverse_distance_to_the_nearest_major_road_f24012,495114
903,total_traffic_load_on_major_roads_f24013,495114
904,close_to_major_road_f24014,495114
905,sum_of_road_length_of_major_roads_within_100m_f24015,495114
906,nitrogen_dioxide_air_pollution_2005_f24016,495114
907,nitrogen_dioxide_air_pollution_2006_f24017,495114
908,nitrogen_dioxide_air_pollution_2007_f24018,495114
909,particulate_matter_air_pollution_pm10_2007_f24019,494016
910,average_daytime_sound_level_of_noise_pollution_f24020,495114
911,average_evening_sound_level_of_noise_pollution_f24021,495114
912,average_nighttime_sound_level_of_noise_pollution_f24022,495114
913,average_16hour_sound_level_of_noise_pollution_f24023,495114
914,average_24hour_sound_level_of_noise_pollution_f24024,495114
915,white_blood_cell_leukocyte_count_f30000,478157
916,white_blood_cell_leukocyte_count_freezethaw_cycles_f30001,474883
917,white_blood_cell_leukocyte_count_acquisition_time_f30002,478157
918,white_blood_cell_leukocyte_count_device_id_f30003,478157
919,white_blood_cell_leukocyte_count_acquisition_route_f30004,478157
920,red_blood_cell_erythrocyte_count_f30010,478162
921,red_blood_cell_erythrocyte_count_freezethaw_cycles_f30011,474888
922,red_blood_cell_erythrocyte_count_acquisition_time_f30012,478162
923,red_blood_cell_erythrocyte_count_device_id_f30013,478162
924,red_blood_cell_erythrocyte_count_acquisition_route_f30014,478162
925,haemoglobin_concentration_f30020,478162
926,haemoglobin_concentration_freezethaw_cycles_f30021,474888
927,haemoglobin_concentration_acquisition_time_f30022,478162
928,haemoglobin_concentration_device_id_f30023,478162
929,haemoglobin_concentration_acquisition_route_f30024,478162
930,haematocrit_percentage_f30030,478162
931,haematocrit_freezethaw_cycles_f30031,474888
932,haematocrit_acquisition_time_f30032,478162
933,haematocrit_percentage_device_id_f30033,478162
934,haematocrit_percentage_acquisition_route_f30034,478162
935,mean_corpuscular_volume_f30040,478160
936,mean_corpuscular_volume_freezethaw_cycles_f30041,474886
937,mean_corpuscular_volume_acquisition_time_f30042,478160
938,mean_corpuscular_volume_device_id_f30043,478160
939,mean_corpuscular_volume_acquisition_route_f30044,478160
940,mean_corpuscular_haemoglobin_f30050,478159
941,mean_corpuscular_haemoglobin_freezethaw_cycles_f30051,474885
942,mean_corpuscular_haemoglobin_acquisition_time_f30052,478159
943,mean_corpuscular_haemoglobin_device_id_f30053,478159
944,mean_corpuscular_haemoglobin_acquisition_route_f30054,478159
945,mean_corpuscular_haemoglobin_concentration_f30060,478155
946,mean_corpuscular_haemoglobin_concentration_freezethaw_cycles_f30061,474881
947,mean_corpuscular_haemoglobin_concentration_acquisition_time_f30062,478155
948,mean_corpuscular_haemoglobin_concentration_device_id_f30063,478155
949,mean_corpuscular_haemoglobin_concentration_acquisition_route_f30064,478155
950,red_blood_cell_erythrocyte_distribution_width_f30070,478160
951,red_blood_cell_erythrocyte_distribution_width_freezethaw_cycles_f30071,474886
952,red_blood_cell_erythrocyte_distribution_width_acquisition_time_f30072,478160
953,red_blood_cell_erythrocyte_distribution_width_device_id_f30073,478160
954,red_blood_cell_erythrocyte_distribution_width_acquisition_route_f30074,478160
955,platelet_count_f30080,478159
956,platelet_count_freezethaw_cycles_f30081,474885
957,platelet_count_acquisition_time_f30082,478159
958,platelet_count_device_id_f30083,478159
959,platelet_count_acquisition_route_f30084,478159
960,platelet_crit_f30090,478155
961,platelet_crit_freezethaw_cycles_f30091,474881
962,platelet_crit_acquisition_time_f30092,478155
963,platelet_crit_device_id_f30093,478155
964,platelet_crit_acquisition_route_f30094,478155
965,mean_platelet_thrombocyte_volume_f30100,478154
966,mean_platelet_thrombocyte_volume_freezethaw_cycles_f30101,474880
967,mean_platelet_thrombocyte_volume_acquisition_time_f30102,478154
968,mean_platelet_thrombocyte_volume_device_id_f30103,478154
969,mean_platelet_thrombocyte_volume_acquisition_route_f30104,478154
970,platelet_distribution_width_f30110,478154
971,platelet_distribution_width_freezethaw_cycles_f30111,474880
972,platelet_distribution_width_acquisition_time_f30112,478154
973,platelet_distribution_width_device_id_f30113,478154
974,platelet_distribution_width_acquisition_route_f30114,478154
975,lymphocyte_count_f30120,477273
976,lymphocyte_count_freezethaw_cycles_f30121,474001
977,lymphocyte_count_acquisition_time_f30122,477273
978,lymphocyte_count_device_id_f30123,477273
979,lymphocyte_count_acquisition_route_f30124,477273
980,monocyte_count_f30130,477273
981,monocyte_count_freezethaw_cycles_f30131,473995
982,monocyte_count_acquisition_time_f30132,477273
983,monocyte_count_device_id_f30133,477273
984,monocyte_count_acquisition_route_f30134,477273
985,neutrophill_count_f30140,477273
986,neutrophill_count_freezethaw_cycles_f30141,474001
987,neutrophill_count_acquisition_time_f30142,477273
988,neutrophill_count_device_id_f30143,477273
989,neutrophill_count_acquisition_route_f30144,477273
990,eosinophill_count_f30150,477273
991,eosinophill_count_freezethaw_cycles_f30151,473897
992,eosinophill_count_acquisition_time_f30152,477273
993,eosinophill_count_device_id_f30153,477273
994,eosinophill_count_acquisition_route_f30154,477273
995,basophill_count_f30160,477273
996,basophill_count_freezethaw_cycles_f30161,472943
997,basophill_count_acquisition_time_f30162,477273
998,basophill_count_device_id_f30163,477273
999,basophill_count_acquisition_route_f30164,477273
1000,nucleated_red_blood_cell_count_f30170,477262
1001,nucleated_red_blood_cell_count_freezethaw_cycles_f30171,472661
1002,nucleated_red_blood_cell_count_acquisition_time_f30172,477262
1003,nucleated_red_blood_cell_count_device_id_f30173,477262
1004,nucleated_red_blood_cell_count_acquisition_route_f30174,477262
1005,lymphocyte_percentage_f30180,477279
1006,lymphocyte_percentage_freezethaw_cycles_f30181,474007
1007,lymphocyte_percentage_acquisition_time_f30182,477279
1008,lymphocyte_percentage_device_id_f30183,477279
1009,lymphocyte_percentage_acquisition_route_f30184,477279
1010,monocyte_percentage_f30190,477279
1011,monocyte_percentage_freezethaw_cycles_f30191,474006
1012,monocyte_percentage_acquisition_time_f30192,477279
1013,monocyte_percentage_device_id_f30193,477279
1014,monocyte_percentage_acquisition_route_f30194,477279
1015,neutrophill_percentage_f30200,477279
1016,neutrophill_percentage_freezethaw_cycles_f30201,474007
1017,neutrophill_percentage_acquisition_time_f30202,477279
1018,neutrophill_percentage_device_id_f30203,477279
1019,neutrophill_percentage_acquisition_route_f30204,477279
1020,eosinophill_percentage_f30210,477279
1021,eosinophill_percentage_freezethaw_cycles_f30211,474003
1022,eosinophill_percentage_acquisition_time_f30212,477279
1023,eosinophill_percentage_device_id_f30213,477279
1024,eosinophill_percentage_acquisition_route_f30214,477279
1025,basophill_percentage_f30220,477279
1026,basophill_percentage_freezethaw_cycles_f30221,473987
1027,basophill_percentage_acquisition_time_f30222,477279
1028,basophill_percentage_device_id_f30223,477279
1029,basophill_percentage_acquisition_route_f30224,477279
1030,nucleated_red_blood_cell_percentage_f30230,477258
1031,nucleated_red_blood_cell_percentage_freezethaw_cycles_f30231,472662
1032,nucleated_red_blood_cell_percentage_acquisition_time_f30232,477263
1033,nucleated_red_blood_cell_percentage_device_id_f30233,477263
1034,nucleated_red_blood_cell_percentage_acquisition_route_f30234,477263
1035,reticulocyte_percentage_f30240,469845
1036,reticulocyte_percentage_freezethaw_cycles_f30241,466709
1037,reticulocyte_percentage_acquisition_time_f30242,469845
1038,reticulocyte_percentage_device_id_f30243,469845
1039,reticulocyte_percentage_acquisition_route_f30244,469845
1040,reticulocyte_count_f30250,469845
1041,reticulocyte_count_freezethaw_cycles_f30251,466709
1042,reticulocyte_count_acquisition_time_f30252,469845
1043,reticulocyte_count_device_id_f30253,469845
1044,reticulocyte_count_acquisition_route_f30254,469845
1045,mean_reticulocyte_volume_f30260,469844
1046,mean_reticulocyte_volume_freezethaw_cycles_f30261,466708
1047,mean_reticulocyte_volume_acquisition_time_f30262,469844
1048,mean_reticulocyte_volume_device_id_f30263,469844
1049,mean_reticulocyte_volume_acquisition_route_f30264,469844
1050,mean_sphered_cell_volume_f30270,469846
1051,mean_sphered_cell_volume_freezethaw_cycles_f30271,466710
1052,mean_sphered_cell_volume_acquisition_time_f30272,469846
1053,mean_sphered_cell_volume_device_id_f30273,469846
1054,mean_sphered_cell_volume_acquisition_route_f30274,469846
1055,immature_reticulocyte_fraction_f30280,469844
1056,immature_reticulocyte_fraction_freezethaw_cycles_f30281,466708
1057,immature_reticulocyte_fraction_acquisition_time_f30282,469844
1058,immature_reticulocyte_fraction_device_id_f30283,469844
1059,immature_reticulocyte_fraction_acquisition_route_f30284,469844
1060,high_light_scatter_reticulocyte_percentage_f30290,469846
1061,high_light_scatter_reticulocyte_percentage_freezethaw_cycles_f30291,466710
1062,high_light_scatter_reticulocyte_percentage_acquisition_time_f30292,469846
1063,high_light_scatter_reticulocyte_percentage_device_id_f30293,469846
1064,high_light_scatter_reticulocyte_percentage_acquisition_route_f30294,469846
1065,high_light_scatter_reticulocyte_count_f30300,469845
1066,high_light_scatter_reticulocyte_count_freezethaw_cycles_f30301,466709
1067,high_light_scatter_reticulocyte_count_acquisition_time_f30302,469845
1068,high_light_scatter_reticulocyte_count_device_id_f30303,469845
1069,high_light_scatter_reticulocyte_count_acquisition_route_f30304,469845
1070,microalbumin_in_urine_f30500,152896
1071,microalbumin_in_urine_acquisition_time_f30502,484280
1072,microalbumin_in_urine_device_id_f30503,484280
1073,microalbumin_in_urine_result_flag_f30505,331384
1074,creatinine_enzymatic_in_urine_f30510,484300
1075,creatinine_enzymatic_in_urine_acquisition_time_f30512,484304
1076,creatinine_enzymatic_in_urine_device_id_f30513,484304
1077,creatinine_enzymatic_in_urine_result_flag_f30515,4
1078,potassium_in_urine_f30520,483278
1079,potassium_in_urine_acquisition_time_f30522,484298
1080,potassium_in_urine_device_id_f30523,484298
1081,potassium_in_urine_result_flag_f30525,1020
1082,sodium_in_urine_f30530,483267
1083,sodium_in_urine_acquisition_time_f30532,484296
1084,sodium_in_urine_device_id_f30533,484296
1085,sodium_in_urine_result_flag_f30535,1029
1086,albumin_f30600,430065
1087,albumin_assay_date_f30601,473589
1088,albumin_aliquot_f30602,473368
1089,albumin_correction_level_f30603,430065
1090,albumin_correction_reason_f30604,430065
1091,albumin_missing_reason_f30605,61596
1092,albumin_reportability_f30606,430080
1093,alkaline_phosphatase_f30610,469592
1094,alkaline_phosphatase_assay_date_f30611,473651
1095,alkaline_phosphatase_aliquot_f30612,473430
1096,alkaline_phosphatase_correction_level_f30613,469592
1097,alkaline_phosphatase_correction_reason_f30614,469592
1098,alkaline_phosphatase_missing_reason_f30615,22069
1099,alkaline_phosphatase_reportability_f30616,469637
1100,alanine_aminotransferase_f30620,469391
1101,alanine_aminotransferase_assay_date_f30621,473712
1102,alanine_aminotransferase_aliquot_f30622,473491
1103,alanine_aminotransferase_correction_level_f30623,469391
1104,alanine_aminotransferase_correction_reason_f30624,469391
1105,alanine_aminotransferase_missing_reason_f30625,22270
1106,alanine_aminotransferase_reportability_f30626,469457
1107,apolipoprotein_a_f30630,427500
1108,apolipoprotein_a_assay_date_f30631,472931
1109,apolipoprotein_a_aliquot_f30632,472710
1110,apolipoprotein_a_correction_level_f30633,427500
1111,apolipoprotein_a_correction_reason_f30634,427500
1112,apolipoprotein_a_missing_reason_f30635,64161
1113,apolipoprotein_a_reportability_f30636,429235
1114,apolipoprotein_b_f30640,467198
1115,apolipoprotein_b_assay_date_f30641,473421
1116,apolipoprotein_b_aliquot_f30642,473201
1117,apolipoprotein_b_correction_level_f30643,467198
1118,apolipoprotein_b_correction_reason_f30644,467198
1119,apolipoprotein_b_missing_reason_f30645,24463
1120,apolipoprotein_b_reportability_f30646,468368
1121,aspartate_aminotransferase_f30650,467786
1122,aspartate_aminotransferase_assay_date_f30651,473694
1123,aspartate_aminotransferase_aliquot_f30652,473473
1124,aspartate_aminotransferase_correction_level_f30653,467786
1125,aspartate_aminotransferase_correction_reason_f30654,467786
1126,aspartate_aminotransferase_missing_reason_f30655,23875
1127,aspartate_aminotransferase_reportability_f30656,467800
1128,direct_bilirubin_f30660,398603
1129,direct_bilirubin_assay_date_f30661,473197
1130,direct_bilirubin_aliquot_f30662,472976
1131,direct_bilirubin_correction_level_f30663,398603
1132,direct_bilirubin_correction_reason_f30664,398603
1133,direct_bilirubin_missing_reason_f30665,93058
1134,direct_bilirubin_reportability_f30666,467915
1135,urea_f30670,469261
1136,urea_assay_date_f30671,473371
1137,urea_aliquot_f30672,473150
1138,urea_correction_level_f30673,469261
1139,urea_correction_reason_f30674,469261
1140,urea_missing_reason_f30675,22400
1141,urea_reportability_f30676,469271
1142,calcium_f30680,429922
1143,calcium_assay_date_f30681,473212
1144,calcium_aliquot_f30682,472991
1145,calcium_correction_level_f30683,429922
1146,calcium_correction_reason_f30684,429922
1147,calcium_missing_reason_f30685,61739
1148,calcium_reportability_f30686,429979
1149,cholesterol_f30690,469579
1150,cholesterol_assay_date_f30691,473628
1151,cholesterol_aliquot_f30692,473407
1152,cholesterol_correction_level_f30693,469579
1153,cholesterol_correction_reason_f30694,469579
1154,cholesterol_missing_reason_f30695,22082
1155,cholesterol_reportability_f30696,469586
1156,creatinine_f30700,469347
1157,creatinine_assay_date_f30701,473376
1158,creatinine_aliquot_f30702,473155
1159,creatinine_correction_level_f30703,469347
1160,creatinine_correction_reason_f30704,469347
1161,creatinine_missing_reason_f30705,22314
1162,creatinine_reportability_f30706,469347
1163,creactive_protein_f30710,468558
1164,creactive_protein_assay_date_f30711,473219
1165,creactive_protein_aliquot_f30712,472998
1166,creactive_protein_correction_level_f30713,468558
1167,creactive_protein_correction_reason_f30714,468558
1168,creactive_protein_missing_reason_f30715,23103
1169,creactive_protein_reportability_f30716,468975
1170,cystatin_c_f30720,469548
1171,cystatin_c_assay_date_f30721,473542
1172,cystatin_c_aliquot_f30722,473320
1173,cystatin_c_correction_level_f30723,469548
1174,cystatin_c_correction_reason_f30724,469548
1175,cystatin_c_missing_reason_f30725,22113
1176,cystatin_c_reportability_f30726,469563
1177,gamma_glutamyltransferase_f30730,469332
1178,gamma_glutamyltransferase_assay_date_f30731,473527
1179,gamma_glutamyltransferase_aliquot_f30732,473306
1180,gamma_glutamyltransferase_correction_level_f30733,469332
1181,gamma_glutamyltransferase_correction_reason_f30734,469332
1182,gamma_glutamyltransferase_missing_reason_f30735,22329
1183,gamma_glutamyltransferase_reportability_f30736,469426
1184,glucose_f30740,429557
1185,glucose_assay_date_f30741,472934
1186,glucose_aliquot_f30742,472713
1187,glucose_correction_level_f30743,429557
1188,glucose_correction_reason_f30744,429557
1189,glucose_missing_reason_f30745,62104
1190,glucose_reportability_f30746,429565
1191,glycated_haemoglobin_hba1c_f30750,466493
1192,glycated_haemoglobin_hba1c_assay_date_f30751,482332
1193,glycated_haemoglobin_hba1c_correction_level_f30753,466493
1194,glycated_haemoglobin_hba1c_correction_reason_f30754,466493
1195,glycated_haemoglobin_hba1c_missing_reason_f30755,25168
1196,glycated_haemoglobin_hba1c_reportability_f30756,466688
1197,hdl_cholesterol_f30760,429861
1198,hdl_cholesterol_assay_date_f30761,473454
1199,hdl_cholesterol_aliquot_f30762,473233
1200,hdl_cholesterol_correction_level_f30763,429861
1201,hdl_cholesterol_correction_reason_f30764,429861
1202,hdl_cholesterol_missing_reason_f30765,61800
1203,hdl_cholesterol_reportability_f30766,429867
1204,igf1_f30770,467030
1205,igf1_assay_date_f30771,471009
1206,igf1_aliquot_f30772,470787
1207,igf1_correction_level_f30773,467030
1208,igf1_correction_reason_f30774,467030
1209,igf1_missing_reason_f30775,24631
1210,igf1_reportability_f30776,467036
1211,ldl_direct_f30780,468696
1212,ldl_direct_assay_date_f30781,472853
1213,ldl_direct_aliquot_f30782,472632
1214,ldl_direct_correction_level_f30783,468696
1215,ldl_direct_correction_reason_f30784,468696
1216,ldl_direct_missing_reason_f30785,22965
1217,ldl_direct_reportability_f30786,468703
1218,lipoprotein_a_f30790,375626
1219,lipoprotein_a_assay_date_f30791,458814
1220,lipoprotein_a_aliquot_f30792,458595
1221,lipoprotein_a_correction_level_f30793,375626
1222,lipoprotein_a_correction_reason_f30794,375626
1223,lipoprotein_a_missing_reason_f30795,116035
1224,lipoprotein_a_reportability_f30796,455149
1225,oestradiol_f30800,76668
1226,oestradiol_assay_date_f30801,440708
1227,oestradiol_aliquot_f30802,440507
1228,oestradiol_correction_level_f30803,76668
1229,oestradiol_correction_reason_f30804,76668
1230,oestradiol_missing_reason_f30805,414993
1231,oestradiol_reportability_f30806,437673
1232,phosphate_f30810,429241
1233,phosphate_assay_date_f30811,472706
1234,phosphate_aliquot_f30812,472485
1235,phosphate_correction_level_f30813,429241
1236,phosphate_correction_reason_f30814,429241
1237,phosphate_missing_reason_f30815,62420
1238,phosphate_reportability_f30816,429253
1239,rheumatoid_factor_f30820,41313
1240,rheumatoid_factor_assay_date_f30821,472825
1241,rheumatoid_factor_aliquot_f30822,472604
1242,rheumatoid_factor_correction_level_f30823,41313
1243,rheumatoid_factor_correction_reason_f30824,41313
1244,rheumatoid_factor_missing_reason_f30825,450348
1245,rheumatoid_factor_reportability_f30826,469550
1246,shbg_f30830,425836
1247,shbg_assay_date_f30831,469294
1248,shbg_aliquot_f30832,469074
1249,shbg_correction_level_f30833,425836
1250,shbg_correction_reason_f30834,425836
1251,shbg_missing_reason_f30835,65825
1252,shbg_reportability_f30836,426572
1253,total_bilirubin_f30840,467550
1254,total_bilirubin_assay_date_f30841,473322
1255,total_bilirubin_aliquot_f30842,473101
1256,total_bilirubin_correction_level_f30843,467550
1257,total_bilirubin_correction_reason_f30844,467550
1258,total_bilirubin_missing_reason_f30845,24111
1259,total_bilirubin_reportability_f30846,467568
1260,testosterone_f30850,425198
1261,testosterone_assay_date_f30851,469459
1262,testosterone_aliquot_f30852,469237
1263,testosterone_correction_level_f30853,425198
1264,testosterone_correction_reason_f30854,425198
1265,testosterone_missing_reason_f30855,66463
1266,testosterone_reportability_f30856,465682
1267,total_protein_f30860,429594
1268,total_protein_assay_date_f30861,473163
1269,total_protein_aliquot_f30862,472942
1270,total_protein_correction_level_f30863,429594
1271,total_protein_correction_reason_f30864,429594
1272,total_protein_missing_reason_f30865,62067
1273,total_protein_reportability_f30866,429611
1274,triglycerides_f30870,469204
1275,triglycerides_assay_date_f30871,473342
1276,triglycerides_aliquot_f30872,473121
1277,triglycerides_correction_level_f30873,469204
1278,triglycerides_correction_reason_f30874,469204
1279,triglycerides_missing_reason_f30875,22457
1280,triglycerides_reportability_f30876,469342
1281,urate_f30880,469015
1282,urate_assay_date_f30881,473170
1283,urate_aliquot_f30882,472949
1284,urate_correction_level_f30883,469015
1285,urate_correction_reason_f30884,469015
1286,urate_missing_reason_f30885,22646
1287,urate_reportability_f30886,469147
1288,vitamin_d_f30890,448341
1289,vitamin_d_assay_date_f30891,473371
1290,vitamin_d_aliquot_f30892,473149
1291,vitamin_d_correction_level_f30893,448341
1292,vitamin_d_correction_reason_f30894,448341
1293,vitamin_d_missing_reason_f30895,43320
1294,vitamin_d_reportability_f30896,450931
1295,estimated_sample_dilution_factor_f30897,467129
1296,date_of_death_f40000,20442
1297,underlying_primary_cause_of_death_icd10_f40001,20432
1298,date_of_cancer_diagnosis_f40005,89756
1299,type_of_cancer_icd10_f40006,83480
1300,age_at_death_f40007,20442
1301,age_at_cancer_diagnosis_f40008,89756
1302,reported_occurrences_of_cancer_f40009,89766
1303,description_of_cause_of_death_f40010,17147
1304,histology_of_cancer_tumour_f40011,85660
1305,behaviour_of_cancer_tumour_f40012,85714
1306,type_of_cancer_icd9_f40013,6268
1307,death_record_format_f40018,20442
1308,cancer_record_format_f40019,89808
1309,death_record_origin_f40020,20442
1310,cancer_record_origin_f40021,89808
1311,operative_procedures_main_opcs4_f41200,410246
1312,external_ca_f41201,77481
1313,diagnoses_main_icd10_f41202,410302
1314,diagnoses_main_icd9_f41203,20302
1315,diagnoses_secondary_icd10_f41204,339234
1316,diagnoses_secondary_icd9_f41205,8714
1317,intended_management_of_patient_polymorphic_f41206,382520
1318,main_speciality_of_consultant_polymorphic_f41207,382516
1319,treatment_speciality_of_consultant_polymorphic_f41208,413652
1320,patient_classification_on_admission_polymorphic_f41209,410004
1321,operative_procedures_secondary_opcs4_f41210,367467
1322,destinations_on_discharge_from_hospital_polymorphic_f41211,410009
1323,methods_of_admission_to_hospital_polymorphic_f41212,413662
1324,methods_of_discharge_from_hospital_polymorphic_f41213,413661
1325,carer_support_indicators_f41214,366419
1326,detention_categories_f41215,42609
1327,legal_stat_f41216,7
1328,mental_categories_f41217,24
1329,history_of_psychiatric_care_on_admission_f41218,366418
1330,anaesthetics_administered_during_delivery_f41219,16627
1331,anaesthetics_administered_post_delivery_f41220,16627
1332,delivery_methods_f41221,16622
1333,delivery_onset_methods_f41222,16627
1334,delivery_places_f41223,16623
1335,intended_delivery_places_f41224,16627
1336,resuscitation_methods_f41225,16627
1337,sex_of_baby_f41226,15522
1338,status_of_baby_at_birth_f41227,16627
1339,stat_f41228,16627
1340,pct_responsible_for_patient_data_f41229,320264
1341,pct_where_patients_gp_was_registered_f41230,366402
1342,hospital_episode_type_f41231,366419
1343,administrative_and_legal_stat_f41232,148614
1344,sources_of_admission_to_hospital_polymorphic_f41233,413663
1345,spells_in_hospital_f41235,330438
1346,intended_management_of_patient_recoded_f41244,382528
1347,main_speciality_of_consultant_recoded_f41245,382524
1348,treatment_speciality_of_consultant_recoded_f41246,413665
1349,patient_classification_on_admission_recoded_f41247,410014
1350,destinations_on_discharge_from_hospital_recoded_f41248,410013
1351,methods_of_admission_to_hospital_recoded_f41249,413667
1352,methods_of_discharge_from_hospital_recoded_f41250,413665
1353,sources_of_admission_to_hospital_recoded_f41251,413667
1354,operative_procedures_main_opcs3_f41256,10700
1355,date_of_first_operative_procedure_main_opcs3_f41257,10700
1356,operative_procedures_secondary_opcs3_f41258,2970
1357,date_of_first_operative_procedure_main_opcs4_f41260,410242
1358,date_of_first_inpatient_diagnosis_main_icd10_f41262,410308
1359,date_of_first_inpatient_diagnosis_main_icd9_f41263,20302
1360,diagnoses_icd10_f41270,410308
1361,diagnoses_icd9_f41271,20302
1362,operative_procedures_opcs4_f41272,410246
1363,operative_procedures_opcs3_f41273,10700
1364,date_of_first_inpatient_diagnosis_icd10_f41280,410312
1365,date_of_first_inpatient_diagnosis_icd9_f41281,20302
1366,date_of_first_operative_procedure_opcs4_f41282,410242
1367,date_of_first_operative_procedure_opcs3_f41283,10700
1368,date_of_myocardial_infarction_f42000,20815
1369,source_of_myocardial_infarction_report_f42001,20815
1370,date_of_stemi_f42002,5711
1371,source_of_stemi_report_f42003,5711
1372,date_of_nstemi_f42004,7084
1373,source_of_nstemi_report_f42005,7084
1374,date_of_stroke_f42006,13134
1375,source_of_stroke_report_f42007,13134
1376,date_of_ischaemic_stroke_f42008,6087
1377,source_of_ischaemic_stroke_report_f42009,6087
1378,date_of_intracerebral_haemorrhage_f42010,1341
1379,source_of_intracerebral_haemorrhage_report_f42011,1341
1380,date_of_subarachnoid_haemorrhage_f42012,1441
1381,source_of_subarachnoid_haemorrhage_report_f42013,1441
1382,date_of_asthma_report_f42014,66917
1383,source_of_asthma_report_f42015,66917
1384,date_of_chronic_obstructive_pulmonary_disease_report_f42016,19024
1385,source_of_chronic_obstructive_pulmonary_disease_report_f42017,19024
1386,date_of_all_cause_dementia_report_f42018,2732
1387,source_of_all_cause_dementia_report_f42019,2732
1388,date_of_alzheimers_disease_report_f42020,1005
1389,source_of_alzheimers_disease_report_f42021,1005
1390,date_of_vascular_dementia_report_f42022,541
1391,source_of_vascular_dementia_report_f42023,541
1392,date_of_frontotemporal_dementia_report_f42024,113
1393,source_of_frontotemporal_dementia_report_f42025,113
1394,date_of_motor_neurone_disease_report_f42028,423
1395,source_of_motor_neurone_disease_report_f42029,423
1396,date_of_all_cause_parkinsonism_report_f42030,2268
1397,source_of_all_cause_parkinsonism_report_f42031,2268
1398,date_of_parkinsons_disease_report_f42032,2087
1399,source_of_parkinsons_disease_report_f42033,2087
1400,date_of_progressive_supranuclear_palsy_report_f42034,60
1401,source_of_progressive_supranuclear_palsy_report_f42035,60
1402,date_of_multiple_system_atrophy_report_f42036,74
1403,source_of_multiple_system_atrophy_report_f42037,74
1404,start_of_requested_wear_period_f90003,103685
1405,start_time_of_wear_f90010,103684
1406,end_time_of_wear_f90011,103684
1407,overall_acceleration_average_f90012,103684
1408,standard_deviation_of_acceleration_f90013,103684
1409,data_quality_good_wear_time_f90015,103684
1410,daylight_savings_crossover_f90018,103684
1411,monday_average_acceleration_f90019,103684
1412,tuesday_average_acceleration_f90020,103684
1413,wednesday_average_acceleration_f90021,103684
1414,thursday_average_acceleration_f90022,103684
1415,friday_average_acceleration_f90023,103684
1416,saturday_average_acceleration_f90024,103684
1417,sunday_average_acceleration_f90025,103684
1418,first_weekday_of_wear_f90026,103684
1419,average_acceleration_0000_0059_f90027,103684
1420,average_acceleration_0100_0159_f90028,103684
1421,average_acceleration_0200_0259_f90029,103684
1422,average_acceleration_0300_0359_f90030,103684
1423,average_acceleration_0400_0459_f90031,103684
1424,average_acceleration_0500_0559_f90032,103684
1425,average_acceleration_0600_0659_f90033,103684
1426,average_acceleration_0700_0759_f90034,103684
1427,average_acceleration_0800_0859_f90035,103684
1428,average_acceleration_0900_0959_f90036,103684
1429,average_acceleration_1000_1059_f90037,103684
1430,average_acceleration_1100_1159_f90038,103684
1431,average_acceleration_1200_1259_f90039,103684
1432,average_acceleration_1300_1359_f90040,103684
1433,average_acceleration_1400_1459_f90041,103684
1434,average_acceleration_1500_1559_f90042,103684
1435,average_acceleration_1600_1659_f90043,103684
1436,average_acceleration_1700_1759_f90044,103684
1437,average_acceleration_1800_1859_f90045,103684
1438,average_acceleration_1900_1959_f90046,103684
1439,average_acceleration_2000_2059_f90047,103684
1440,average_acceleration_2100_2159_f90048,103684
1441,average_acceleration_2200_2259_f90049,103684
1442,average_acceleration_2300_2359_f90050,103684
1443,wear_duration_overall_f90051,103684
1444,non_wear_duration_overall_f90052,103684
1445,wear_duration_during_monday_f90053,103684
1446,wear_duration_during_tuesday_f90054,103684
1447,wear_duration_during_wednesday_f90055,103684
1448,wear_duration_during_thursday_f90056,103684
1449,wear_duration_during_friday_f90057,103684
1450,wear_duration_during_saturday_f90058,103684
1451,wear_duration_during_sunday_f90059,103684
1452,wear_duration_during_0000_0059_f90060,103684
1453,wear_duration_during_0100_0159_f90061,103684
1454,wear_duration_during_0200_0259_f90062,103684
1455,wear_duration_during_0300_0359_f90063,103684
1456,wear_duration_during_0400_0459_f90064,103684
1457,wear_duration_during_0500_0559_f90065,103684
1458,wear_duration_during_0600_0659_f90066,103684
1459,wear_duration_during_0700_0759_f90067,103684
1460,wear_duration_during_0800_0859_f90068,103684
1461,wear_duration_during_0900_0959_f90069,103684
1462,wear_duration_during_1000_1059_f90070,103684
1463,wear_duration_during_1100_1159_f90071,103684
1464,wear_duration_during_1200_1259_f90072,103684
1465,wear_duration_during_1300_1359_f90073,103684
1466,wear_duration_during_1400_1459_f90074,103684
1467,wear_duration_during_1500_1559_f90075,103684
1468,wear_duration_during_1600_1659_f90076,103684
1469,wear_duration_during_1700_1759_f90077,103684
1470,wear_duration_during_1800_1859_f90078,103684
1471,wear_duration_during_1900_1959_f90079,103684
1472,wear_duration_during_2000_2059_f90080,103684
1473,wear_duration_during_2100_2159_f90081,103684
1474,wear_duration_during_2200_2259_f90082,103684
1475,wear_duration_during_2300_2359_f90083,103684
1476,unique_hours_of_wear_in_a_24_hour_cycle_scattered_over_multiple_days_f90084,103684
1477,unique_minutes_of_wear_in_a_24_hour_cycle_scattered_over_multiple_days_f90085,103684
1478,non_wear_episodes_over_1_hour_duration_f90086,103684
1479,nowear_time_bias_adjusted_average_acceleration_f90087,103684
1480,nowear_time_bias_adjusted_acceleration_standard_deviation_f90088,103684
1481,nowear_time_bias_adjusted_acceleration_median_f90089,103684
1482,nowear_time_bias_adjusted_acceleration_minimum_f90090,103684
1483,nowear_time_bias_adjusted_acceleration_maximum_f90091,103684
1484,food_weight_f100001,70742
1485,energy_f100002,70742
1486,fat_f100004,70742
1487,carbohydrate_f100005,70742
1488,saturated_fat_f100006,70742
1489,polyunsaturated_fat_f100007,70742
1490,total_sugars_f100008,70742
1491,englyst_dietary_fibre_f100009,70742
1492,portion_size_f100010,70709
1493,typical_diet_yesterday_f100020,70709
1494,vitamin_d_f100021,70742
1495,alcohol_f100022,70742
1496,daily_dietary_data_not_credible_f100026,677
1497,fizzy_drink_intake_f100170,6572
1498,orange_juice_intake_f100190,18493
1499,coffee_consumed_f100240,70709
1500,tea_consumed_f100390,70709
1501,alcohol_consumed_f100580,70709
1502,red_wine_intake_f100590,12120
1503,rose_wine_intake_f100630,2060
1504,white_wine_intake_f100670,9391
1505,beercider_intake_f100710,11778
1506,fortified_wine_intake_f100720,1222
1507,spirits_intake_f100730,4898
1508,other_alcohol_intake_f100740,828
1509,meat_consumers_f103000,70709
1510,fish_consumer_f103140,70709
1511,time_spent_doing_vigorous_physical_activity_f104900,70709
1512,time_spent_doing_moderate_physical_activity_f104910,70709
1513,time_spent_doing_light_physical_activity_f104920,70709
1514,eid,502523
1515,time_point,502523
1516,death_date,31073
1517,death,31073
1518,parental_ad_status,502523
1519,APOE4_Carriers,438343
1520,Genotype,413156
1521,Age_Today,502493
